{
	"format_version": "1.8.0",
	"animations": {
		"idle": {
			"loop": true,
			"animation_length": 2,
			"bones": {
				"inner_cube": {
					"scale": {
						"0.0": {
							"vector": [1, 1, 1]
						},
						"0.0417": {
							"vector": [1.00459, 0.99212, 1.00459]
						},
						"0.5833": {
							"vector": [1.10202, 0.80349, 1.10202]
						},
						"0.9583": {
							"vector": [1.16637, 0.67714, 1.16637]
						},
						"1.0": {
							"vector": [1.17, 0.67, 1.17]
						},
						"1.0417": {
							"vector": [1.16629, 0.67721, 1.16629]
						},
						"1.5833": {
							"vector": [1.06928, 0.86552, 1.06928]
						},
						"1.9583": {
							"vector": [1.00371, 0.99279, 1.00371]
						},
						"2.0": {
							"vector": [1, 1, 1]
						}
					}
				},
				"outer_cube": {
					"scale": {
						"0.0": {
							"vector": [1, 1, 1]
						},
						"0.0417": {
							"vector": [1.00218, 0.99345, 1.00218]
						},
						"0.5833": {
							"vector": [1.05925, 0.82225, 1.05925]
						},
						"0.9583": {
							"vector": [1.09782, 0.70655, 1.09782]
						},
						"1.0": {
							"vector": [1.1, 0.7, 1.1]
						},
						"1.0417": {
							"vector": [1.09782, 0.70655, 1.09782]
						},
						"1.5833": {
							"vector": [1.04075, 0.87775, 1.04075]
						},
						"1.9583": {
							"vector": [1.00218, 0.99345, 1.00218]
						},
						"2.0": {
							"vector": [1, 1, 1]
						}
					}
				}
			}
		},
		"slam_windup": {
			"animation_length": 1,
			"bones": {
				"inner_cube": {
					"position": {
						"0.0": {
							"vector": [0, 0, 0]
						},
						"0.4583": {
							"vector": [0.00537, 0, 0]
						},
						"0.5": {
							"vector": [0, 0, 0]
						},
						"0.5417": {
							"vector": [-0.00516, 0.40045, 0]
						},
						"0.5833": {
							"vector": [-0.00655, 1.1987, 0]
						},
						"0.625": {
							"vector": [-0.007, 2.17175, 0]
						},
						"0.6667": {
							"vector": [-0.00694, 3.23902, 0]
						},
						"0.7083": {
							"vector": [-0.00656, 4.35789, 0]
						},
						"0.7917": {
							"vector": [-0.00516, 6.64211, 0]
						},
						"0.8333": {
							"vector": [-0.00424, 7.76098, 0]
						},
						"0.875": {
							"vector": [-0.00321, 8.82825, 0]
						},
						"0.9167": {
							"vector": [-0.0021, 9.8013, 0]
						},
						"0.9583": {
							"vector": [-0.00095, 10.59955, 0]
						},
						"1.0": {
							"vector": [0, 11, 0]
						}
					},
					"scale": {
						"0.0": {
							"post": {
								"vector": [1, 1, 1]
							},
							"lerp_mode": "catmullrom"
						},
						"0.375": {
							"post": {
								"vector": [1.1, 0.75, 1.1]
							},
							"lerp_mode": "catmullrom"
						},
						"0.75": {
							"post": {
								"vector": [0.6, 1.3, 0.6]
							},
							"lerp_mode": "catmullrom"
						},
						"1.0": {
							"post": {
								"vector": [1, 1.1, 1]
							},
							"lerp_mode": "catmullrom"
						}
					}
				},
				"outer_cube": {
					"position": {
						"0.0": {
							"vector": [0, 0, 0]
						},
						"0.5": {
							"vector": [0, 0, 0]
						},
						"0.5417": {
							"vector": [0, 0.40045, 0]
						},
						"0.5833": {
							"vector": [0, 1.1987, 0]
						},
						"0.625": {
							"vector": [0, 2.17175, 0]
						},
						"0.6667": {
							"vector": [0, 3.23902, 0]
						},
						"0.7083": {
							"vector": [0, 4.35789, 0]
						},
						"0.7917": {
							"vector": [0, 6.64211, 0]
						},
						"0.8333": {
							"vector": [0, 7.76098, 0]
						},
						"0.875": {
							"vector": [0, 8.82825, 0]
						},
						"0.9167": {
							"vector": [0, 9.8013, 0]
						},
						"0.9583": {
							"vector": [0, 10.59955, 0]
						},
						"1.0": {
							"vector": [0, 11, 0]
						}
					},
					"scale": {
						"0.0": {
							"post": {
								"vector": [1, 1, 1]
							},
							"lerp_mode": "catmullrom"
						},
						"0.25": {
							"post": {
								"vector": [1.2, 0.75, 1.2]
							},
							"lerp_mode": "catmullrom"
						},
						"0.75": {
							"post": {
								"vector": [0.7, 1.3, 0.7]
							},
							"lerp_mode": "catmullrom"
						},
						"1.0": {
							"post": {
								"vector": [1.1438, 1.1438, 1.1438]
							},
							"lerp_mode": "catmullrom"
						}
					}
				}
			}
		},
		"slam_impact": {
			"animation_length": 1.5,
			"bones": {
				"inner_cube": {
					"position": {
						"0.0": {
							"vector": [0, 11, 0]
						},
						"0.0417": {
							"vector": [-0.00097, 10.59955, 0]
						},
						"0.0833": {
							"vector": [-0.00213, 9.8013, 0]
						},
						"0.125": {
							"vector": [-0.00326, 8.82825, 0]
						},
						"0.1667": {
							"vector": [-0.0043, 7.76098, 0]
						},
						"0.2083": {
							"vector": [-0.00523, 6.64211, 0]
						},
						"0.2917": {
							"vector": [-0.00661, 4.35789, 0]
						},
						"0.3333": {
							"vector": [-0.00697, 3.23902, 0]
						},
						"0.375": {
							"vector": [-0.00698, 2.17175, 0]
						},
						"0.4167": {
							"vector": [-0.00647, 1.1987, 0]
						},
						"0.4583": {
							"vector": [-0.00499, 0.40045, 0]
						},
						"0.5": {
							"vector": [0, 0, 0]
						},
						"1.0": {
							"vector": [0, 0, 0]
						}
					},
					"scale": {
						"0.0": {
							"post": {
								"vector": [1, 1.05, 1]
							},
							"lerp_mode": "catmullrom"
						},
						"0.2083": {
							"post": {
								"vector": [1.5, 0.75, 1.1]
							},
							"lerp_mode": "catmullrom"
						},
						"0.6667": {
							"post": {
								"vector": [3.1, 0.5, 3.1]
							},
							"lerp_mode": "catmullrom"
						},
						"1.5": {
							"post": {
								"vector": [1, 1, 1]
							},
							"lerp_mode": "catmullrom"
						}
					}
				},
				"outer_cube": {
					"position": {
						"0.0": {
							"vector": [0, 11, 0]
						},
						"0.0417": {
							"vector": [0, 10.59955, 0]
						},
						"0.0833": {
							"vector": [0, 9.8013, 0]
						},
						"0.125": {
							"vector": [0, 8.82825, 0]
						},
						"0.1667": {
							"vector": [0, 7.76098, 0]
						},
						"0.2083": {
							"vector": [0, 6.64211, 0]
						},
						"0.2917": {
							"vector": [0, 4.35789, 0]
						},
						"0.3333": {
							"vector": [0, 3.23902, 0]
						},
						"0.375": {
							"vector": [0, 2.17175, 0]
						},
						"0.4167": {
							"vector": [0, 1.1987, 0]
						},
						"0.4583": {
							"vector": [0, 0.40045, 0]
						},
						"0.5": {
							"vector": [0, 0, 0]
						},
						"1.0": {
							"vector": [0, 0, 0]
						}
					},
					"scale": {
						"0.0": {
							"post": {
								"vector": [1.0438, 1.0438, 1.0438]
							},
							"lerp_mode": "catmullrom"
						},
						"0.375": {
							"post": {
								"vector": [1.937, 1.018, 1.537]
							},
							"lerp_mode": "catmullrom"
						},
						"0.7083": {
							"post": {
								"vector": [4, 1, 4]
							},
							"lerp_mode": "catmullrom"
						},
						"1.5": {
							"post": {
								"vector": [1, 1, 1]
							},
							"lerp_mode": "catmullrom"
						}
					}
				}
			}
		},
		"slam": {
			"animation_length": 2.5,
			"bones": {
				"inner_cube": {
					"position": {
						"0.0": {
							"vector": [0, 0, 0]
						},
						"0.4583": {
							"vector": [0.00537, 0, 0]
						},
						"0.5": {
							"vector": [0, 0, 0]
						},
						"0.5417": {
							"vector": [-0.00516, 0.40045, 0]
						},
						"0.5833": {
							"vector": [-0.00655, 1.1987, 0]
						},
						"0.625": {
							"vector": [-0.007, 2.17175, 0]
						},
						"0.6667": {
							"vector": [-0.00694, 3.23902, 0]
						},
						"0.7083": {
							"vector": [-0.00656, 4.35789, 0]
						},
						"0.7917": {
							"vector": [-0.00516, 6.64211, 0]
						},
						"0.8333": {
							"vector": [-0.00424, 7.76098, 0]
						},
						"0.875": {
							"vector": [-0.00321, 8.82825, 0]
						},
						"0.9167": {
							"vector": [-0.0021, 9.8013, 0]
						},
						"0.9583": {
							"vector": [-0.00095, 10.59955, 0]
						},
						"1.0": {
							"vector": [0, 11, 0]
						},
						"1.0417": {
							"vector": [-0.00097, 10.59955, 0]
						},