{
	"format_version": "1.8.0",
	"animations": {
		"idle": {
			"loop": true,
			"animation_length": 2,
			"bones": {
				"inner_cube": {
					"scale": {
						"0.0": {
							"vector": [1, 1, 1]
						},
						"0.0417": {
							"vector": [1.00459, 0.99212, 1.00459]
						},
						"0.5833": {
							"vector": [1.10202, 0.80349, 1.10202]
						},
						"0.9583": {
							"vector": [1.16637, 0.67714, 1.16637]
						},
						"1.0": {
							"vector": [1.17, 0.67, 1.17]
						},
						"1.0417": {
							"vector": [1.16629, 0.67721, 1.16629]
						},
						"1.5833": {
							"vector": [1.06928, 0.86552, 1.06928]
						},
						"1.9583": {
							"vector": [1.00371, 0.99279, 1.00371]
						},
						"2.0": {
							"vector": [1, 1, 1]
						}
					}
				},
				"outer_cube": {
					"scale": {
						"0.0": {
							"vector": [1, 1, 1]
						},
						"0.0417": {
							"vector": [1.00218, 0.99345, 1.00218]
						},
						"0.5833": {
							"vector": [1.05925, 0.82225, 1.05925]
						},
						"0.9583": {
							"vector": [1.09782, 0.70655, 1.09782]
						},
						"1.0": {
							"vector": [1.1, 0.7, 1.1]
						},
						"1.0417": {
							"vector": [1.09782, 0.70655, 1.09782]
						},
						"1.5833": {
							"vector": [1.04075, 0.87775, 1.04075]
						},
						"1.9583": {
							"vector": [1.00218, 0.99345, 1.00218]
						},
						"2.0": {
							"vector": [1, 1, 1]
						}
					}
				}
			}
		},
		"hop": {
			"loop": true,
			"animation_length": 2,
			"bones": {
				"inner_cube": {
					"position": {
						"0.5": {
							"vector": [0, 0, 0]
						},
						"0.5417": {
							"vector": [0, 0.2396, 0]
						},
						"0.5833": {
							"vector": [0, 0.95374, 0]
						},
						"0.6667": {
							"vector": [0, 3.04626, 0]
						},
						"0.7083": {
							"vector": [0, 3.7604, 0]
						},
						"0.75": {
							"vector": [0, 4, 0],
							"easing": "easeOutBounce"
						},
						"1.75": {
							"vector": [0, 0, 0],
							"easing": "easeInBounce",
							"easingArgs": [0.25]
						}
					},
					"scale": {
						"0.0": {
							"post": {
								"vector": [1, 1, 1]
							},
							"lerp_mode": "catmullrom"
						},
						"0.5": {
							"post": {
								"vector": [1.4, 0.6, 1.4]
							},
							"lerp_mode": "catmullrom"
						},
						"0.9167": {
							"vector": [0.9, 1.5, 0.9],
							"easing": "easeInBounce"
						},
						"1.5417": {
							"vector": [1.1, 1, 1.1],
							"easing": "easeInBounce",
							"easingArgs": [0.25]
						},
						"2.0": {
							"vector": [1, 1, 1]
						}
					}
				},
				"outer_cube": {
					"position": {
						"0.5": {
							"vector": [0, 0, 0]
						},
						"0.5417": {
							"vector": [0, 0.2396, 0]
						},
						"0.5833": {
							"vector": [0, 0.95374, 0]
						},
						"0.6667": {
							"vector": [0, 3.04626, 0]
						},
						"0.7083": {
							"vector": [0, 3.7604, 0]
						},
						"0.75": {
							"vector": [0, 4, 0],
							"easing": "easeOutBounce"
						},
						"1.75": {
							"vector": [0, 0, 0],
							"easing": "easeInBounce",
							"easingArgs": [0.25]
						}
					},
					"scale": {
						"0.0": {
							"post": {
								"vector": [1, 1, 1]
							},
							"lerp_mode": "catmullrom"
						},
						"0.5": {
							"post": {
								"vector": [1.4, 0.6, 1.4]
							},
							"lerp_mode": "catmullrom"
						},
						"0.9167": {
							"vector": [0.9, 1.5, 0.9],
							"easing": "easeInBounce"
						},
						"1.4167": {
							"vector": [1.1, 1, 1.1],
							"easing": "easeInBounce",
							"easingArgs": [0.25]
						},
						"2.0": {
							"vector": [1, 1, 1]
						}
					}
				}
			}
		}
	},
	"geckolib_format_version": 2
}